id	official_name
597	DeLorean Time Machine
803	‘16 Batmobile
2298	Samus’ Gunship
2665	The Dark Knight Tumbler
2666	‘89 Batmobile
2949	Fast 4WD (Hot Wheels)
2950	MR11 (Hot Wheels)
2951	Gazella GT (Hot Wheels)
4014	K.I.T.T. (Knight Rider)
4155	Ecto-1 (Ghostbusters)
7337	NASCAR Next Gen Chevrolet Camaro (2022)
7338	NASCAR Next Gen Ford Mustang (2022)
7341	NASCAR Next Gen Toyota Camry (2022)
7593	Nissan Z Performance Car
9140	Bumblebee Car
9388	Lightning McQueen Car
10817	Cyberpunk Quadra
11095	Dodger Charger Daytona Scat Pack
12315	007’s Aston Martin Valhalla
