id	name	hitbox	source_url
4782	Psyclops	psyclops	https://github.com/ZealanL/RocketSim/blob/79f4d22fc533614d540b88457a96352c17da6b73/rocketsim/src/sim/car/car_body_config.rs
8565	Emperor II: Frozen	breakout	https://www.rocketleague.com/news/unleash-the-elements-in-season-9
8566	Emperor II: Scorched	breakout	https://www.rocketleague.com/news/unleash-the-elements-in-season-9
11141	Lamborghini Urus SE	hybrid	https://www.epicgames.com/help/c-37599050/c-32343914/a20257614?lang=ru
12325	BMW M2 Racing	dominus	https://www.rocketleague.com/news/rocket-league-season-22-training-rivalries-and-rewards
12382	Maven	dominus	https://www.rocketleague.com/news/rocket-league-season-22-training-rivalries-and-rewards
12563	Zefira	dominus	https://www.rocketleague.com/news/rocket-league-season-22-training-rivalries-and-rewards
12657	Ryza T60	breakout	https://www.rocketleague.com/news/hit-the-pitch-for-the-world-cup-in-rocket-league-season-23
12814	Ryza Trophy	octane	https://www.rocketleague.com/news/hit-the-pitch-for-the-world-cup-in-rocket-league-season-23
