"id","asset","name"
"21","Product_TA ProductsDB.Products.Body_Backfire","Backfire"
"22","Product_TA ProductsDB.Products.Body_Force","Breakout"
"23","Product_TA ProductsDB.Products.Body_Octane","Octane"
"24","Product_TA ProductsDB.Products.Body_Orion","Paladin"
"25","Product_TA ProductsDB.Products.Body_Rhino","Road Hog"
"26","Product_TA ProductsDB.Products.Body_Spark","Gizmo"
"27","Product_TA ProductsDB.Products.Body_SweetTooth","Sweet Tooth"
"28","Product_TA ProductsDB.Products.Body_Torch","X-Devil"
"29","Product_TA ProductsDB.Products.Body_Torment","Hotshot"
"30","Product_TA ProductsDB.Products.Body_Vanquish","Merc"
"31","Product_TA ProductsDB.Products.Body_Venom","Venom"
"402","Product_TA ProductsDB.Products.Body_Import","Takumi"
"403","Product_TA ProductsDB.Products.Body_MuscleCar","Dominus"
"404","Product_TA ProductsDB.Products.Body_Scarab","Scarab"
"523","Product_TA ProductsDB.Products.Body_Zippy","Zippy"
"597","Product_TA ProductsDB.Products.Body_GreyCar","Back To The Future Time Machine"
"600","Product_TA ProductsDB.Products.Body_Interceptor","Ripper"
"607","Product_TA ProductsDB.Products.Body_WastelandTruck","Grog"
"625","Product_TA ProductsDB.Products.Body_GearsCar","Armadillo"
"723","Product_TA ProductsDB.Products.Body_Warthog","Hogsticker"
"803","Product_TA ProductsDB.Products.Body_Darkcar","Batmobile (2016)"
"1018","Product_TA ProductsDB.Products.Body_MuscleCar2","Dominus GT"
"1159","Product_TA ProductsDB.Products.Body_Torch2","X-Devil Mk2"
"1171","Product_TA ProductsDB.Products.Body_NeoCar","Masamune"
"1172","Product_TA ProductsDB.Products.Body_Marauder","Marauder"
"1286","Product_TA ProductsDB.Products.Body_Aftershock","Aftershock"
"1295","Product_TA ProductsDB.Products.body_takumi_ii","Takumi RX-T"
"1300","Product_TA ProductsDB.Products.Body_Rhino2","Road Hog XL"
"1317","Product_TA ProductsDB.Products.Body_NeoBike","Esper"
"1412","Product_TA ProductsDB.Products.BlackMarketTest_Skin","Mystery Universal Decal"
"1416","Product_TA ProductsDB.Products.Body_CarCar","Breakout Type-S"
"1475","Product_TA ProductsDB.Products.Body_Number6","Proteus"
"1478","Product_TA ProductsDB.Products.body_cannonboy","Triton"
"1533","Product_TA ProductsDB.Products.body_gilliam","Vulcan"
"1568","Product_TA ProductsDB.Products.Body_O2","Octane ZSR"
"1603","Product_TA ProductsDB.Products.body_scallop","Twin Mill III"
"1623","Product_TA ProductsDB.Products.body_bone","Bone Shaker"
"1624","Product_TA ProductsDB.Products.body_endo","Endo"
"1675","Product_TA ProductsDB.Products.body_charged","Ice Charger"
"1689","Product_TA ProductsDB.Products.body_zmoney","Nemesis"
"1691","Product_TA ProductsDB.Products.body_flatbread","Mantis"
"1856","Product_TA ProductsDB.Products.body_Sourdough","Jäger 619"
"1883","Product_TA ProductsDB.Products.body_Multigrain","Imperator DT5"
"1894","Product_TA ProductsDB.Products.body_wheatbread","Samurai"
"1919","Product_TA ProductsDB.Products.body_pumpernickel","Centio"
"1932","Product_TA ProductsDB.Products.body_focaccia","Animus GP"
"2070","Product_TA ProductsDB.Products.body_levain","Werewolf"
"2268","Product_TA ProductsDB.Products.body_Challah","Fast & Furious Dodge Charger"
"2269","Product_TA ProductsDB.Products.body_Melonpan","Fast & Furious Nissan Skyline"
"2298","Product_TA ProductsDB.Products.body_muffin","Samus's Gunship"
"2313","Product_TA ProductsDB.Products.body_calzone","Mario NSR"
"2665","Product_TA ProductsDB.Products.body_berry","The Dark Knight's Tumbler"
"2666","Product_TA ProductsDB.Products.body_eggplant","Batmobile (1989)"
"2853","Product_TA ProductsDB.Products.body_twinzer","Twinzer"
"2919","Product_TA ProductsDB.Products.body_maple","Jurassic Jeep® Wrangler"
"2949","Product_TA ProductsDB.Products.body_daggy","Fast 4WD"
"2950","Product_TA ProductsDB.Products.body_diggy","MR11"
"2951","Product_TA ProductsDB.Products.body_doggy","Gazella GT"
"3031","Product_TA ProductsDB.Products.body_squash","Cyclone"
"3138","Product_TA ProductsDB.Products.body_genericmystery","Mystery Item"
"3155","Product_TA ProductsDB.Products.Body_Rye_Tier1","Maverick"
"3156","Product_TA ProductsDB.Products.Body_Rye_Tier2","Maverick G1"
"3157","Product_TA ProductsDB.Products.Body_Rye_Tier3","Maverick GXT"
"3265","Product_TA ProductsDB.Products.body_ron","McLaren 570S"
"3311","Product_TA ProductsDB.Products.body_mitty","Komodo"
"3315","Product_TA ProductsDB.Products.Body_RocketPass_MysteryCertified","Random Certified Item"
"3316","Product_TA ProductsDB.Products.Body_RocketPass_MysteryPainted","Random Painted Item"
"3426","Product_TA ProductsDB.Products.body_carrot","Diestro"
"3451","Product_TA ProductsDB.Products.body_retro","Nimbus"
"3582","Product_TA ProductsDB.Products.body_peach","Insidio"
"3594","Product_TA ProductsDB.Products.body_enspier_tier2","Artemis G1"
"3614","Product_TA ProductsDB.Products.body_enspier_tier1","Artemis"
"3622","Product_TA ProductsDB.Products.body_enspier_Tier3","Artemis GXT"
"3702","Product_TA ProductsDB.Products.body_brick","Tygris"
"3875","Product_TA ProductsDB.Products.body_mango_tier3","Guardian GXT"
"3879","Product_TA ProductsDB.Products.body_mango_tier1","Guardian"
"3880","Product_TA ProductsDB.Products.body_mango_tier2","Guardian G1"
"4014","Product_TA ProductsDB.Products.body_feline","K.I.T.T."
"4155","Product_TA ProductsDB.Products.body_slime","Ecto-1"
"4268","Product_TA ProductsDB.Products.body_chip","Sentinel"
"4284","Product_TA ProductsDB.Products.body_grain","Fennec"
"4318","Product_TA ProductsDB.Products.body_melon_tier_01","Mudcat"
"4319","Product_TA ProductsDB.Products.body_melon_tier_02","Mudcat G1"
"4320","Product_TA ProductsDB.Products.body_melon_tier_03","Mudcat GXT"
"4367","Product_TA ProductsDB.Products.body_durian_tier3","Chikara GXT"
"4472","Product_TA ProductsDB.Products.body_durian_tier1","Chikara"
"4473","Product_TA ProductsDB.Products.body_durian_tier2","Chikara G1"
"4745","Product_TA ProductsDB.Products.body_kusanagi_t3","Ronin GXT"
"4770","Product_TA ProductsDB.Products.Body_MuscleCar_Online","Dominus"
"4780","Product_TA ProductsDB.Products.body_bb","Battle Bus"
"4781","Product_TA ProductsDB.Products.body_shark","Peregrine TT"
"4782","Product_TA ProductsDB.Products.body_tritip","Psyclops"
"4861","Product_TA ProductsDB.Products.body_kusanagi_t1","Ronin"
"4864","Product_TA ProductsDB.Products.body_kusanagi_t2","Ronin G1"
"4906","Product_TA ProductsDB.Products.body_lemonade","Harbinger"
"5020","Product_TA ProductsDB.Products.body_rattrap","Outlaw"
"5039","Product_TA ProductsDB.Products.Body_Lemonade_Tier3","Harbinger GXT"
"5188","Product_TA ProductsDB.Products.Body_Scarab_online","Scarab"
"5265","Product_TA ProductsDB.Products.body_fracture","Formula 1 2021"
"5361","Product_TA ProductsDB.Products.body_ramen","Dingo"
"5364","Product_TA ProductsDB.Products.Body_Giftbox_Mystery_BlackMarket","Black Market Drop"
"5365","Product_TA ProductsDB.Products.Body_Giftbox_Mystery_Exotic","Exotic Drop"
"5366","Product_TA ProductsDB.Products.Body_Giftbox_Mystery_Import","Import Drop"
"5367","Product_TA ProductsDB.Products.Body_Giftbox_Mystery_Rare","Special Drop"
"5368","Product_TA ProductsDB.Products.Body_Giftbox_Mystery_Uncommon","Sport Drop"
"5369","Product_TA ProductsDB.Products.Body_Giftbox_Mystery_VeryRare","Deluxe Drop"
"5470","Product_TA ProductsDB.Products.body_unicorn_tier1","R3MX"
"5488","Product_TA ProductsDB.Products.body_unicorn_tier2","R3MX GXT"
"5547","Product_TA ProductsDB.Products.body_amber","007's Aston Martin DB5"
"5709","Product_TA ProductsDB.Products.body_droftwo","NASCAR Ford Mustang"
"5713","Product_TA ProductsDB.Products.body_drof","Ford F-150 RLE"
"5773","Product_TA ProductsDB.Products.body_atoyot","NASCAR Toyota Camry"
"5823","Product_TA ProductsDB.Products.body_oramac","NASCAR Chevrolet Camaro"
"5837","Product_TA ProductsDB.Products.body_rattrap_tier2","Outlaw GXT"
"5858","Product_TA ProductsDB.Products.body_raddish_tier1","Tyranno"
"5879","Product_TA ProductsDB.Products.body_fuego","Fast & Furious Pontiac Fiero"
"5951","Product_TA ProductsDB.Products.body_tomahawk","Jackal"
"5964","Product_TA ProductsDB.Products.body_oblong","Lamborghini Huracán STO"
"5979","Product_TA ProductsDB.Products.body_raddish_tier2","Tyranno GXT"
"6122","Product_TA ProductsDB.Products.body_neocar_xbb","Masamune"
"6243","Product_TA ProductsDB.Products.body_norton","Nexus"
"6244","Product_TA ProductsDB.Products.body_sixty","BMW M240i"
"6247","Product_TA ProductsDB.Products.body_ran","McLaren 765LT"
"6260","Product_TA ProductsDB.Products.body_heaven","007's Aston Martin Valhalla"
"6489","Product_TA ProductsDB.Products.Body_Norton_Tier2","Nexus SC"
"6836","Product_TA ProductsDB.Products.body_msg","Ford Mustang Shelby GT350R RLE"
"6939","Product_TA ProductsDB.Products.body_elm","Ford Mustang Mach-E RLE"
"7012","Product_TA ProductsDB.Products.body_future","Tesla Cybertruck"
"7052","Product_TA ProductsDB.Products.body_cured","Formula 1 2022"
"7211","Product_TA ProductsDB.Products.body_Maser","Mamba"
"7336","Product_TA ProductsDB.Products.body_Maui","Nomad"
"7337","Product_TA ProductsDB.Products.body_scar_b","NASCAR Next Gen Chevrolet Camaro"
"7338","Product_TA ProductsDB.Products.body_scar_a","NASCAR Next Gen Ford Mustang"
"7341","Product_TA ProductsDB.Products.body_scar_c","NASCAR Next Gen Toyota Camry"
"7343","Product_TA ProductsDB.Products.body_quartz","007's Aston Martin DBS"
"7415","Product_TA ProductsDB.Products.body_tomb","Batmobile (2022)"
"7477","Product_TA ProductsDB.Products.body_Maui_t2","Nomad GXT"
"7512","Product_TA ProductsDB.Products.body_rage","Lamborghini Countach LPI 800-4"
"7532","Product_TA ProductsDB.Products.body_lux","Maestro"
"7593","Product_TA ProductsDB.Products.body_sassy","Nissan Z Performance"
"7651","Product_TA ProductsDB.Products.body_jinn","Redline"
"7696","Product_TA ProductsDB.Products.body_whiplash","Whiplash"
"7772","Product_TA ProductsDB.Products.body_rafael","Ferrari 296 GTB"
"7815","Product_TA ProductsDB.Products.body_fbrn","Ford Bronco Raptor RLE"
"7890","Product_TA ProductsDB.Products.body_thrice","Fuse"
"7901","Product_TA ProductsDB.Products.body_pete","Fast & Furious Mazda RX-7"
"7947","Product_TA ProductsDB.Products.body_hic_t1","Honda Civic Type R"
"7948","Product_TA ProductsDB.Products.body_hic_t2","Honda Civic Type R-LE"
"7979","Product_TA ProductsDB.Products.body_lime","Stampede"
"8006","Product_TA ProductsDB.Products.body_keanu","Mako"
"8360","Product_TA ProductsDB.Products.body_beak_tier1","Emperor"
"8361","Product_TA ProductsDB.Products.body_beak_tier2","Emperor II"
"8383","Product_TA ProductsDB.Products.body_ruckus","Xentari"
"8454","Product_TA ProductsDB.Products.body_odb","Admiral"
"8524","Product_TA ProductsDB.Products.body_ten","Bugatti Centodieci"
"8565","Product_TA ProductsDB.Products.body_beak_tier2_ice","Emperor II: Frozen"
"8566","Product_TA ProductsDB.Products.body_beak_tier2_fire","Emperor II: Scorched"
"8669","Product_TA ProductsDB.Products.body_aa","Ace"
"8806","Product_TA ProductsDB.Products.body_dub_t1","Volkswagen Golf GTI"
"8807","Product_TA ProductsDB.Products.body_dub_t2","Volkswagen Golf GTI RLE"
"9053","Product_TA ProductsDB.Products.body_claw","Fast & Furious Dodge Charger SRT Hellcat"
"9084","Product_TA ProductsDB.Products.body_seasalt_t1","Nissan Silvia"
"9085","Product_TA ProductsDB.Products.body_seasalt_t2","Nissan Silvia RLE"
"9088","Product_TA ProductsDB.Products.body_butter_t1","Porsche 911 Turbo"
"9089","Product_TA ProductsDB.Products.body_butter_t2","Porsche 911 Turbo RLE"
"9140","Product_TA ProductsDB.Products.body_trap","Bumblebee"
"9357","Product_TA ProductsDB.Products.body_rebar_tier2","Diesel"
"9388","Product_TA ProductsDB.Products.body_pixie","Lightning McQueen"
"9427","Product_TA ProductsDB.Products.body_skunkz","Primo"
"9894","Product_TA ProductsDB.Products.body_ghost","Scorpion"
"10044","Product_TA ProductsDB.Products.body_spartan","Beskar"
"10094","Product_TA ProductsDB.Products.body_alokin","Ford Mustang GTD"
"10440","Product_TA ProductsDB.Products.body_akuma_t1","Nissan Fairlady Z"
"10441","Product_TA ProductsDB.Products.body_akuma_t2","Nissan Fairlady Z RLE"
"10689","Product_TA ProductsDB.Products.body_moonflax_suv","Behemoth"
"10694","Product_TA ProductsDB.Products.body_moonflax_sportscar","Lockjaw"
"10695","Product_TA ProductsDB.Products.body_arrow","McLaren P1"
"10697","Product_TA ProductsDB.Products.body_hero","The Incredibile"
"10698","Product_TA ProductsDB.Products.body_smoke","1966 Cadillac DeVille"
"10805","Product_TA ProductsDB.Products.body_nerd","Nissan Skyline GT-R (R32)"
"10817","Product_TA ProductsDB.Products.body_seba","Quadra Turbo-R"
"10822","Product_TA ProductsDB.Products.body_bullet","McLaren Senna"
"10896","Product_TA ProductsDB.Products.body_bober_T1","BMW 1 Series"
"10897","Product_TA ProductsDB.Products.body_bober_t2","BMW 1 Series RLE"
"10900","Product_TA ProductsDB.Products.body_zaku_t1","Shokunin"
"10901","Product_TA ProductsDB.Products.body_zaku_t2","Shokunin GXT"
"11016","Product_TA ProductsDB.Products.body_jam","Porsche 911 GT3 RS"
"11038","Product_TA ProductsDB.Products.body_zuse","Revolver"
"11095","Product_TA ProductsDB.Products.body_edison","Dodge Charger Daytona Scat Pack"
"11098","Product_TA ProductsDB.Products.body_frog","Turtle Van"
"11138","Product_TA ProductsDB.Products.body_pickle","Void Burn"
"11141","Product_TA ProductsDB.Products.body_wurst","Lamborghini Urus SE"
"11314","Product_TA ProductsDB.Products.body_mudpie","Jeep Wrangler Rubicon"
"11315","Product_TA ProductsDB.Products.body_magnet","Ford Mustang Shelby GT500"
"11336","Product_TA ProductsDB.Products.body_musclecar_SE_Glow","Dominus: Neon"
"11379","Product_TA ProductsDB.Products.body_rio","Ram 1500 RHO"
"11394","Product_TA ProductsDB.Products.body_futura","Azura"
"11505","Product_TA ProductsDB.Products.body_crikey","Breakout X"
"11534","Product_TA ProductsDB.Products.body_chrisp","BMW M3 (E30)"
"11603","Product_TA ProductsDB.Products.body_zrf","Fennec ZR-F"
"11677","Product_TA ProductsDB.Products.body_eagle","Chevrolet Corvette ZR1"
"11736","Product_TA ProductsDB.Products.body_legs","Recoil AV"
"11800","Product_TA ProductsDB.Products.body_slick","Megastar"
"11905","Product_TA ProductsDB.Products.body_banjo","The Mystery Machine"
"11932","Product_TA ProductsDB.Products.body_wedding","Hearse"
"11933","Product_TA ProductsDB.Products.body_bawu","Porsche 918 Spyder"
"11941","Product_TA ProductsDB.Products.body_macht","Mercedes-AMG GT 63 S"
"11949","Product_TA ProductsDB.Products.body_manual","Pontiac Firebird"
"11950","Product_TA ProductsDB.Products.body_galaxy","Chevrolet Astro"
"11996","Product_TA ProductsDB.Products.body_econ","Mercedes-Benz CLA"
"12104","Product_TA ProductsDB.Products.body_jekyll","Corlay"
"12105","Product_TA ProductsDB.Products.body_lionsmane","Patty Wagon"
"12106","Product_TA ProductsDB.Products.body_hydet1","Magnifique"
"12142","Product_TA ProductsDB.Products.body_sprinkle","Homer's Car"
"12173","Product_TA ProductsDB.Products.body_garage","Ferrari F40"
"12262","Product_TA ProductsDB.Products.body_topple","BMW M4 GT3 EVO"
"12286","Product_TA ProductsDB.Products.body_hydet2","Magnifique GXT"
"12315","Product_TA ProductsDB.Products.body_numb","Aston Martin Valhalla"
"12318","Product_TA ProductsDB.Products.body_lawrence","Defender D7X-R"
"12324","Product_TA ProductsDB.Products.body_condormotor","GMC Sierra 2500 AT4X"
"12325","Product_TA ProductsDB.Products.body_Stubbyhog","BMW M2 Racing"
"12335","Product_TA ProductsDB.Products.body_greenclaw","Pizza Planet Delivery Truck"
"12361","Product_TA ProductsDB.Products.body_cutie","Chevrolet Corvette Stingray"
"12382","Product_TA ProductsDB.Products.body_superomega","Maven"
"12484","Product_TA ProductsDB.Products.body_spike","Havoc"
"12532","Product_TA ProductsDB.Products.body_bluetorque","Porsche Cayenne Turbo Electric"
"12563","Product_TA ProductsDB.Products.body_sportytack","Zefira"
"12569","Product_TA ProductsDB.Products.body_sheepbolt","Rivian R1S"
"12638","Product_TA ProductsDB.Products.body_ivorycascade","Lamborghini Temerario GT3"
"12652","Product_TA ProductsDB.Products.body_tagtiger","Chrysler Pacifica"
"12657","Product_TA ProductsDB.Products.body_ryzat2","Ryza T60"
"12658","Product_TA ProductsDB.Products.body_turtlemodem","Hyundai Ioniq 6"
"12669","Product_TA ProductsDB.Products.body_zedthirty","Nissan 350Z"
"12779","Product_TA ProductsDB.Products.body_sandscreen","Jeep Wrangler JK"
"12781","Product_TA ProductsDB.Products.body_fancyflake","Dodge Viper GTS-R"
"12814","Product_TA ProductsDB.Products.body_ryzarevt1","Ryza Trophy"
"12842","Product_TA ProductsDB.Products.body_neptuneshell","Maserati Stradale"
"13008","Product_TA ProductsDB.Products.Body_Giftbox_Mystery_Limited","Luxury Drop"
