name	hitbox
1966 Cadillac DeVille	breakout
Ace	breakout
Animus GP	breakout
Azura	breakout
Breakout	breakout
Breakout Type-S	breakout
Breakout X	breakout
Cyberpunk Quadra	breakout
Cyclone	breakout
Diesel	breakout
Emperor/Emperor II	breakout
Ferrari F40	breakout
Fast and Furious Mazda-RX7	breakout
Fuse	breakout
Chevrolet Corvette Stingray	breakout
Chevrolet Corvette ZR1	breakout
Komodo	breakout
Mako	breakout
McLaren Senna	breakout
Megastar	breakout
Nexus/Nexus SC	breakout
Pontiac Firebird	breakout
Porsche 918 Spyder	breakout
Redline	breakout
Revolver	breakout
Samurai	breakout
The Incredibile	breakout
Whiplash	breakout
‘89 Batmobile	dominus
007’s Aston Martin DBS	dominus
007’s Aston Martin Valhalla	dominus
Admiral	dominus
Aftershock	dominus
Batmobile (2022)	dominus
Bumblebee Car	dominus
BMW M3 (E30)	dominus
BMW M4 GT3 EVO	dominus
BMW M240i	dominus
Chikara/Chikara G1/Chikara GXT	dominus
DeLorean Time Machine	dominus
Diestro	dominus
Dodger Charger Daytona Scat Pack	dominus
Dominus	dominus
Dominus GT	dominus
Ecto-1 (Ghostbusters)	dominus
Fast and Furious Dodge Charger	dominus
Fast & Furious Dodge Charger SRT Hellcat	dominus
Ferrari 296 GTB	dominus
Ford Mustang Shelby GT350R RLE	dominus
Ford Mustang GTD	dominus
Gazella GT (Hot Wheels)	dominus
Guardian/Guardian G1/Guardian GXT	dominus
Homer’s Car	dominus
Hotshot	dominus
Ice Charger	dominus
Imperator DT5	dominus
K.I.T.T. (Knight Rider)	dominus
Lamborghini Countach LPI 800-4	dominus
Lamborghini Huracán STO	dominus
Lightning McQueen Car	dominus
Lockjaw	dominus
Maestro	dominus
Magnifique	dominus
Magnifique GXT	dominus
Mamba	dominus
Masamune	dominus
Maverick/Maverick G1/Maverick GXT	dominus
McLaren 570S	dominus
McLaren 765LT	dominus
McLaren P1	dominus
Mercedes-AMG GT 63 S	dominus
Mercedes-Benz CLA	dominus
MR11 (Hot Wheels)	dominus
NASCAR Chevrolet Camaro	dominus
NASCAR Ford Mustang	dominus
NASCAR Toyota Camry	dominus
NASCAR Next Gen Chevrolet Camaro (2022)	dominus
NASCAR Next Gen Ford Mustang (2022)	dominus
NASCAR Next Gen Toyota Camry (2022)	dominus
Nemesis	dominus
Nissan Fairlady Z/Nissan Fairlady Z RLE	dominus
Nissan Z Performance Car	dominus
Peregrine TT	dominus
Porsche 911 GT3 RS	dominus
Porsche 911 Turbo/Porsche 911 Turbo RLE	dominus
Ripper	dominus
Ronin/Ronin G1/Ronin GXT	dominus
Samus’ Gunship (Nintendo Exclusive)	dominus
Scorpion	dominus
Tyranno/Tyranno GXT	dominus
Werewolf	dominus
Beskar	hybrid
Endo	hybrid
Esper	hybrid
Fast and Furious Nissan Skyline	hybrid
Fast and Furious Pontiac Fiero	hybrid
Hearse	hybrid
Insidio	hybrid
Jäger 619	hybrid
Lamborghini Urus	hybrid
Nimbus	hybrid
Nissan Silvia/Nissan Silvia RLE	hybrid
Nissan Skyline GT-R (R32)	hybrid
Primo	hybrid
R3MX/R3MX GXT	hybrid
RAM 1500 RHO	hybrid
Tesla Cybertruck	hybrid
Tygris	hybrid
Venom	hybrid
Void Burn	hybrid
X-Devil	hybrid
X-Devil MK2	hybrid
Battle Bus	merc
Behemoth	merc
Chevrolet Astro	merc
Defender D7X-R	merc
Ford Bronco Raptor RLE	merc
Merc	merc
The Mystery Machine	merc
Nomad/Nomad GXT	merc
Recoil AV	merc
Stampede	merc
Turtle Van	merc
007’s Aston Martin DB5	octane
Armadillo (Xbox Exclusive)	octane
Backfire	octane
BMW 1 Series/BMW 1 Series RLE	octane
Bone Shaker	octane
Corlay	octane
Dingo	octane
Fast 4WD (Hot Wheels)	octane
Fennec	octane
Fennec ZR-F	octane
Ford F-150 RLE	octane
Ford Mustang Mach-E RLE	octane
Gizmo	octane
Grog	octane
Harbinger/Harbinger GXT	octane
Hogsticker (Xbox Exclusive)	octane
Honda Civic Type R/Honda Civic Type R-LE	octane
Jackal	octane
Jurassic Jeep Wrangler	octane
Jeep Wrangler Rubicon	octane
Marauder	octane
Mario NSR/Luigi NSR (Nintendo Exclusive)	octane
Mudcat/Mudcat G1/Mudcat GXT	octane
Octane	octane
Octane ZSR	octane
Outlaw/Outlaw GXT	octane
Patty Wagon	octane
Proteus	octane
Road Hog	octane
Road Hog XL	octane
Scarab	octane
Shokunin/Shokunin GXT	octane
Sweet Tooth (PlayStation Exclusive)	octane
Takumi	octane
Takumi RX-T	octane
Triton	octane
The Dark Knight Tumbler	octane
Twinzer	octane
Volkswagen Golf GTI/Volkswagen Golf GTI RLE	octane
Vulcan	octane
Xentari	octane
Zippy	octane
‘16 Batmobile	plank
Bugatti Centodieci	plank
Artemis/Artemis G1/Artemis GXT	plank
Centio	plank
Formula 1 2021	plank
Formula 1 2022	plank
Mantis	plank
Paladin	plank
Sentinel	plank
Twin Mill III	plank
