id	name	hitbox	official_name
21	Backfire	octane	Backfire
22	Breakout	breakout	Breakout
23	Octane	octane	Octane
24	Paladin	plank	Paladin
25	Road Hog	octane	Road Hog
26	Gizmo	octane	Gizmo
27	Sweet Tooth	octane	Sweet Tooth
28	X-Devil	hybrid	X-Devil
29	Hotshot	dominus	Hotshot
30	Merc	merc	Merc
31	Venom	hybrid	Venom
402	Takumi	octane	Takumi
403	Dominus	dominus	Dominus
404	Scarab	octane	Scarab
523	Zippy	octane	Zippy
597	Back To The Future Time Machine	dominus	DeLorean Time Machine
600	Ripper	dominus	Ripper
607	Grog	octane	Grog
625	Armadillo	octane	Armadillo
723	Hogsticker	octane	Hogsticker
803	Batmobile (2016)	plank	‘16 Batmobile
1018	Dominus GT	dominus	Dominus GT
1159	X-Devil Mk2	hybrid	X-Devil MK2
1171	Masamune	dominus	Masamune
1172	Marauder	octane	Marauder
1286	Aftershock	dominus	Aftershock
1295	Takumi RX-T	octane	Takumi RX-T
1300	Road Hog XL	octane	Road Hog XL
1317	Esper	hybrid	Esper
1412	Mystery Universal Decal	unmapped	-
1416	Breakout Type-S	breakout	Breakout Type-S
1475	Proteus	octane	Proteus
1478	Triton	octane	Triton
1533	Vulcan	octane	Vulcan
1568	Octane ZSR	octane	Octane ZSR
1603	Twin Mill III	plank	Twin Mill III
1623	Bone Shaker	octane	Bone Shaker
1624	Endo	hybrid	Endo
1675	Ice Charger	dominus	Ice Charger
1689	Nemesis	dominus	Nemesis
1691	Mantis	plank	Mantis
1856	Jäger 619	hybrid	Jäger 619
1883	Imperator DT5	dominus	Imperator DT5
1894	Samurai	breakout	Samurai
1919	Centio	plank	Centio
1932	Animus GP	breakout	Animus GP
2070	Werewolf	dominus	Werewolf
2268	Fast & Furious Dodge Charger	dominus	Fast and Furious Dodge Charger
2269	Fast & Furious Nissan Skyline	hybrid	Fast and Furious Nissan Skyline
2298	Samus's Gunship	dominus	Samus’ Gunship
2313	Mario NSR	octane	Mario NSR
2665	The Dark Knight's Tumbler	octane	The Dark Knight Tumbler
2666	Batmobile (1989)	dominus	‘89 Batmobile
2853	Twinzer	octane	Twinzer
2919	Jurassic Jeep® Wrangler	octane	Jurassic Jeep Wrangler
2949	Fast 4WD	octane	Fast 4WD (Hot Wheels)
2950	MR11	dominus	MR11 (Hot Wheels)
2951	Gazella GT	dominus	Gazella GT (Hot Wheels)
3031	Cyclone	breakout	Cyclone
3138	Mystery Item	unmapped	-
3155	Maverick	dominus	Maverick
3156	Maverick G1	dominus	Maverick G1
3157	Maverick GXT	dominus	Maverick GXT
3265	McLaren 570S	dominus	McLaren 570S
3311	Komodo	breakout	Komodo
3315	Random Certified Item	unmapped	-
3316	Random Painted Item	unmapped	-
3426	Diestro	dominus	Diestro
3451	Nimbus	hybrid	Nimbus
3582	Insidio	hybrid	Insidio
3594	Artemis G1	plank	Artemis G1
3614	Artemis	plank	Artemis
3622	Artemis GXT	plank	Artemis GXT
3702	Tygris	hybrid	Tygris
3875	Guardian GXT	dominus	Guardian GXT
3879	Guardian	dominus	Guardian
3880	Guardian G1	dominus	Guardian G1
4014	K.I.T.T.	dominus	K.I.T.T. (Knight Rider)
4155	Ecto-1	dominus	Ecto-1 (Ghostbusters)
4268	Sentinel	plank	Sentinel
4284	Fennec	octane	Fennec
4318	Mudcat	octane	Mudcat
4319	Mudcat G1	octane	Mudcat G1
4320	Mudcat GXT	octane	Mudcat GXT
4367	Chikara GXT	dominus	Chikara GXT
4472	Chikara	dominus	Chikara
4473	Chikara G1	dominus	Chikara G1
4745	Ronin GXT	dominus	Ronin GXT
4770	Dominus	dominus	Dominus
4780	Battle Bus	merc	Battle Bus
4781	Peregrine TT	dominus	Peregrine TT
4782	Psyclops	psyclops	Psyclops
4861	Ronin	dominus	Ronin
4864	Ronin G1	dominus	Ronin G1
4906	Harbinger	octane	Harbinger
5020	Outlaw	octane	Outlaw
5039	Harbinger GXT	octane	Harbinger GXT
5188	Scarab	octane	Scarab
5265	Formula 1 2021	plank	Formula 1 2021
5361	Dingo	octane	Dingo
5364	Black Market Drop	unmapped	-
5365	Exotic Drop	unmapped	-
5366	Import Drop	unmapped	-
5367	Special Drop	unmapped	-
5368	Sport Drop	unmapped	-
5369	Deluxe Drop	unmapped	-
5470	R3MX	hybrid	R3MX
5488	R3MX GXT	hybrid	R3MX GXT
5547	007's Aston Martin DB5	octane	007’s Aston Martin DB5
5709	NASCAR Ford Mustang	dominus	NASCAR Ford Mustang
5713	Ford F-150 RLE	octane	Ford F-150 RLE
5773	NASCAR Toyota Camry	dominus	NASCAR Toyota Camry
5823	NASCAR Chevrolet Camaro	dominus	NASCAR Chevrolet Camaro
5837	Outlaw GXT	octane	Outlaw GXT
5858	Tyranno	dominus	Tyranno
5879	Fast & Furious Pontiac Fiero	hybrid	Fast and Furious Pontiac Fiero
5951	Jackal	octane	Jackal
5964	Lamborghini Huracán STO	dominus	Lamborghini Huracán STO
5979	Tyranno GXT	dominus	Tyranno GXT
6122	Masamune	dominus	Masamune
6243	Nexus	breakout	Nexus
6244	BMW M240i	dominus	BMW M240i
6247	McLaren 765LT	dominus	McLaren 765LT
6260	007's Aston Martin Valhalla	dominus	007’s Aston Martin Valhalla
6489	Nexus SC	breakout	Nexus SC
6836	Ford Mustang Shelby GT350R RLE	dominus	Ford Mustang Shelby GT350R RLE
6939	Ford Mustang Mach-E RLE	octane	Ford Mustang Mach-E RLE
7012	Tesla Cybertruck	hybrid	Tesla Cybertruck
7052	Formula 1 2022	plank	Formula 1 2022
7211	Mamba	dominus	Mamba
7336	Nomad	merc	Nomad
7337	NASCAR Next Gen Chevrolet Camaro	dominus	NASCAR Next Gen Chevrolet Camaro (2022)
7338	NASCAR Next Gen Ford Mustang	dominus	NASCAR Next Gen Ford Mustang (2022)
7341	NASCAR Next Gen Toyota Camry	dominus	NASCAR Next Gen Toyota Camry (2022)
7343	007's Aston Martin DBS	dominus	007’s Aston Martin DBS
7415	Batmobile (2022)	dominus	Batmobile (2022)
7477	Nomad GXT	merc	Nomad GXT
7512	Lamborghini Countach LPI 800-4	dominus	Lamborghini Countach LPI 800-4
7532	Maestro	dominus	Maestro
7593	Nissan Z Performance	dominus	Nissan Z Performance Car
7651	Redline	breakout	Redline
7696	Whiplash	breakout	Whiplash
7772	Ferrari 296 GTB	dominus	Ferrari 296 GTB
7815	Ford Bronco Raptor RLE	merc	Ford Bronco Raptor RLE
7890	Fuse	breakout	Fuse
7901	Fast & Furious Mazda RX-7	breakout	Fast and Furious Mazda-RX7
7947	Honda Civic Type R	octane	Honda Civic Type R
7948	Honda Civic Type R-LE	octane	Honda Civic Type R-LE
7979	Stampede	merc	Stampede
8006	Mako	breakout	Mako
8360	Emperor	breakout	Emperor
8361	Emperor II	breakout	Emperor II
8383	Xentari	octane	Xentari
8454	Admiral	dominus	Admiral
8524	Bugatti Centodieci	plank	Bugatti Centodieci
8565	Emperor II: Frozen	breakout	Emperor II: Frozen
8566	Emperor II: Scorched	breakout	Emperor II: Scorched
8669	Ace	breakout	Ace
8806	Volkswagen Golf GTI	octane	Volkswagen Golf GTI
8807	Volkswagen Golf GTI RLE	octane	Volkswagen Golf GTI RLE
9053	Fast & Furious Dodge Charger SRT Hellcat	dominus	Fast & Furious Dodge Charger SRT Hellcat
9084	Nissan Silvia	hybrid	Nissan Silvia
9085	Nissan Silvia RLE	hybrid	Nissan Silvia RLE
9088	Porsche 911 Turbo	dominus	Porsche 911 Turbo
9089	Porsche 911 Turbo RLE	dominus	Porsche 911 Turbo RLE
9140	Bumblebee	dominus	Bumblebee Car
9357	Diesel	breakout	Diesel
9388	Lightning McQueen	dominus	Lightning McQueen Car
9427	Primo	hybrid	Primo
9894	Scorpion	dominus	Scorpion
10044	Beskar	hybrid	Beskar
10094	Ford Mustang GTD	dominus	Ford Mustang GTD
10440	Nissan Fairlady Z	dominus	Nissan Fairlady Z
10441	Nissan Fairlady Z RLE	dominus	Nissan Fairlady Z RLE
10689	Behemoth	merc	Behemoth
10694	Lockjaw	dominus	Lockjaw
10695	McLaren P1	dominus	McLaren P1
10697	The Incredibile	breakout	The Incredibile
10698	1966 Cadillac DeVille	breakout	1966 Cadillac DeVille
10805	Nissan Skyline GT-R (R32)	hybrid	Nissan Skyline GT-R (R32)
10817	Quadra Turbo-R	breakout	Cyberpunk Quadra
10822	McLaren Senna	breakout	McLaren Senna
10896	BMW 1 Series	octane	BMW 1 Series
10897	BMW 1 Series RLE	octane	BMW 1 Series RLE
10900	Shokunin	octane	Shokunin
10901	Shokunin GXT	octane	Shokunin GXT
11016	Porsche 911 GT3 RS	dominus	Porsche 911 GT3 RS
11038	Revolver	breakout	Revolver
11095	Dodge Charger Daytona Scat Pack	dominus	Dodger Charger Daytona Scat Pack
11098	Turtle Van	merc	Turtle Van
11138	Void Burn	hybrid	Void Burn
11141	Lamborghini Urus SE	hybrid	Lamborghini Urus SE
11314	Jeep Wrangler Rubicon	octane	Jeep Wrangler Rubicon
11315	Ford Mustang Shelby GT500	unmapped	-
11336	Dominus: Neon	unmapped	-
11379	Ram 1500 RHO	hybrid	RAM 1500 RHO
11394	Azura	breakout	Azura
11505	Breakout X	breakout	Breakout X
11534	BMW M3 (E30)	dominus	BMW M3 (E30)
11603	Fennec ZR-F	octane	Fennec ZR-F
11677	Chevrolet Corvette ZR1	breakout	Chevrolet Corvette ZR1
11736	Recoil AV	merc	Recoil AV
11800	Megastar	breakout	Megastar
11905	The Mystery Machine	merc	The Mystery Machine
11932	Hearse	hybrid	Hearse
11933	Porsche 918 Spyder	breakout	Porsche 918 Spyder
11941	Mercedes-AMG GT 63 S	dominus	Mercedes-AMG GT 63 S
11949	Pontiac Firebird	breakout	Pontiac Firebird
11950	Chevrolet Astro	merc	Chevrolet Astro
11996	Mercedes-Benz CLA	dominus	Mercedes-Benz CLA
12104	Corlay	octane	Corlay
12105	Patty Wagon	octane	Patty Wagon
12106	Magnifique	dominus	Magnifique
12142	Homer's Car	dominus	Homer’s Car
12173	Ferrari F40	breakout	Ferrari F40
12262	BMW M4 GT3 EVO	dominus	BMW M4 GT3 EVO
12286	Magnifique GXT	dominus	Magnifique GXT
12315	Aston Martin Valhalla	dominus	007’s Aston Martin Valhalla
12318	Defender D7X-R	merc	Defender D7X-R
12324	GMC Sierra 2500 AT4X	unmapped	-
12325	BMW M2 Racing	dominus	BMW M2 Racing
12335	Pizza Planet Delivery Truck	unmapped	-
12361	Chevrolet Corvette Stingray	breakout	Chevrolet Corvette Stingray
12382	Maven	dominus	Maven
12484	Havoc	unmapped	-
12532	Porsche Cayenne Turbo Electric	unmapped	-
12563	Zefira	dominus	Zefira
12569	Rivian R1S	unmapped	-
12638	Lamborghini Temerario GT3	unmapped	-
12652	Chrysler Pacifica	unmapped	-
12657	Ryza T60	breakout	Ryza T60
12658	Hyundai Ioniq 6	unmapped	-
12669	Nissan 350Z	unmapped	-
12779	Jeep Wrangler JK	unmapped	-
12781	Dodge Viper GTS-R	unmapped	-
12814	Ryza Trophy	octane	Ryza Trophy
12842	Maserati Stradale	unmapped	-
13008	Luxury Drop	unmapped	-
